[Header],,,,,,,,
FileFormatVersion,2,,,,,,,
RunName,Demo-Run-NovaSeq6000-Cloud,,,,,,,
RunDescription,Demo Run NovaSeq6000 Cloud Description,,,,,,,
InstrumentPlatform,NovaSeq,,,,,,,
IndexOrientation,Forward,,,,,,,
AnalysisLocation,Cloud,,,,,,,
,,,,,,,,
[Reads],,,,,,,,
Read1Cycles,15,,,,,,,
Index1Cycles,10,,,,,,,
Index2Cycles,10,,,,,,,
,,,,,,,,
[Sequencing_Settings],,,,,,,,
LibraryPrepKits,IlluminaProteinPrep9k,,,,,,,
,,,,,,,,
[BCLConvert_Settings],,,,,,,,
SoftwareVersion,2.1.0,,,,,,,
,,,,,,,,
[BCLConvert_Data],,,,,,,,
Sample_ID,Index,Index2,,,,,,
Sample001,GAACTGAGCG,TCGTGGAGCG,,,,,,
Sample002,AGGTCAGATA,CTACAAGATA,,,,,,
Sample003,CGACATCCGA,TACGTTCATT,,,,,,
Sample004,ATTCCATAAG,TGCCTGGTGG,,,,,,
Sample005,TGCCGGTCAG,CCTGATACAA,,,,,,
Sample006,CACTCAATTC,TTAAGTTGTG,,,,,,
Sample007,TCTCACACGC,CGGACAGTGA,,,,,,
Sample008,TCAATGGAGA,GCACTACAAC,,,,,,
,,,,,,,,
[Cloud_Proteomics_Settings],,,,,,,,
SoftwareVersion,2.1.0,,,,,,,
StartsFromFastq,FALSE,,,,,,,
output_file_prefix,Test-autolaunch,,,,,,,
,,,,,,,,
[Cloud_Proteomics_Data],,,,,,,,
Sample_ID,PlateBarcode,MatrixTubeBarcode,BatchID,InputType,ControlID,ProbePlate,SOMAmerBeadPlate,WellPosition
Sample001,TS0000001,,Batch001,Serum_Calibrator,230430K,PP201013012345678-AA,1230354A,A-A01
Sample002,TS0000001,,Batch001,Serum,,PP201013012345678-AA,1230354A,A-B01
Sample003,TS0000001,,Batch001,Serum_QC,230435A,PP201013012345678-AA,1230354A,A-C01
Sample004,TS0000001,,Batch001,Water,,PP201013012345678-AA,1230354A,A-D01
Sample005,TS0000002,,Batch002,Plasma_Calibrator,230420S,PP201013012345678-AA,1230354A,B-A01
Sample006,TS0000002,,Batch002,Plasma,,PP201013012345678-AA,1230354A,B-B01
Sample007,TS0000002,,Batch002,Plasma_QC,230425B,PP201013012345678-AA,1230354A,B-C01
Sample008,TS0000002,,Batch002,Water,230410C,PP201013012345678-AA,1230354A,B-D01
,,,,,,,,
[Cloud_Settings],,,,,,,,
GeneratedVersion,1.19.0.202506181955,,,,,,,
Cloud_Workflow,ica_workflow_1,,,,,,,
Cloud_Proteomics_Pipeline,urn:ilmn:ica:pipeline:3c55f31d-3863-4c68-94ea-a2fccdc212ed#DRAGEN_Protein_Quantification_2-1-0,,,,,,,
,,,,,,,,
[Cloud_Data],,,,,,,,
Sample_ID,ProjectName,LibraryName,LibraryPrepKitName,IndexAdapterKitName,,,,
Sample001,Test Project,Sample001_GAACTGAGCG_TCGTGGAGCG,IlluminaProteinPrep9k,IlluminaDNARNAUDISetABCDTagmentation_Proteomics,,,,
Sample002,Test Project,Sample002_AGGTCAGATA_CTACAAGATA,IlluminaProteinPrep9k,IlluminaDNARNAUDISetABCDTagmentation_Proteomics,,,,
Sample003,Test Project,Sample003_CGACATCCGA_TACGTTCATT,IlluminaProteinPrep9k,IlluminaDNARNAUDISetABCDTagmentation_Proteomics,,,,
Sample004,Test Project,Sample004_ATTCCATAAG_TGCCTGGTGG,IlluminaProteinPrep9k,IlluminaDNARNAUDISetABCDTagmentation_Proteomics,,,,
Sample005,Test Project,Sample005_TGCCGGTCAG_CCTGATACAA,IlluminaProteinPrep9k,IlluminaDNARNAUDISetABCDTagmentation_Proteomics,,,,
Sample006,Test Project,Sample006_CACTCAATTC_TTAAGTTGTG,IlluminaProteinPrep9k,IlluminaDNARNAUDISetABCDTagmentation_Proteomics,,,,
Sample007,Test Project,Sample007_TCTCACACGC_CGGACAGTGA,IlluminaProteinPrep9k,IlluminaDNARNAUDISetABCDTagmentation_Proteomics,,,,
Sample008,Test Project,Sample008_TCAATGGAGA_GCACTACAAC,IlluminaProteinPrep9k,IlluminaDNARNAUDISetABCDTagmentation_Proteomics,,,,
